OrderID,OrderYear,OrderMonth,OrderDay,OrderDate,ProductID,CustomerID,Region,Quantity,UnitPrice,ProductName,Category,TotalSales
ORD-1000,2022,4,24,2022-04-24 17:58:44.392414,P008,CUST-38,East,7,70.69,Whiteboard,Office Equipment,494.83
ORD-1002,2022,4,25,2022-04-25 17:58:44.392414,P008,CUST-41,West,2,163.97,Whiteboard,Office Equipment,327.94
ORD-1003,2022,4,26,2022-04-26 17:58:44.392414,P001,CUST-47,East,1,196.09,Premium Office Chair,Accessories,196.09
ORD-1006,2022,4,27,2022-04-27 17:58:44.392414,P003,CUST-12,South,2,122.96,Ergonomic Keyboard,Furniture,245.92
ORD-1007,2022,4,28,2022-04-28 17:58:44.392414,P003,CUST-16,West,9,24.46,Ergonomic Keyboard,Electronics,220.14
ORD-1010,2022,4,29,2022-04-29 17:58:44.392414,P003,CUST-25,East,7,104.03,Ergonomic Keyboard,Accessories,728.21
ORD-1013,2022,5,1,2022-05-01 17:58:44.392414,P001,CUST-34,East,6,124.12,Premium Office Chair,Electronics,819.1920000000001
ORD-1014,2022,5,2,2022-05-02 17:58:44.392414,P001,CUST-14,West,4,161.26,Premium Office Chair,Accessories,709.544
ORD-1015,2022,5,2,2022-05-02 17:58:44.392414,P003,CUST-35,South,9,73.0,Ergonomic Keyboard,Electronics,722.7
ORD-1016,2022,5,3,2022-05-03 17:58:44.392414,P008,CUST-2,South,4,173.96,Whiteboard,Electronics,765.4240000000001
ORD-1022,2022,5,7,2022-05-07 17:58:44.392414,P003,CUST-3,West,1,116.29,Ergonomic Keyboard,Electronics,127.919
ORD-1026,2022,5,9,2022-05-09 17:58:44.392414,P008,CUST-12,West,1,91.3,Whiteboard,Electronics,100.43
ORD-1033,2022,5,12,2022-05-12 17:58:44.392414,P008,CUST-27,South,9,125.96,Whiteboard,Office Equipment,1247.004
ORD-1037,2022,5,15,2022-05-15 17:58:44.392414,P003,CUST-17,North,3,97.77,Ergonomic Keyboard,Electronics,322.641
ORD-1038,2022,5,16,2022-05-16 17:58:44.392414,P008,CUST-27,West,3,102.67,Whiteboard,Furniture,338.81100000000004
ORD-1039,2022,5,16,2022-05-16 17:58:44.392414,P001,CUST-38,North,8,28.4,Premium Office Chair,Office Equipment,249.92
ORD-1045,2022,5,21,2022-05-21 17:58:44.392414,P003,CUST-2,South,5,105.07,Ergonomic Keyboard,Office Equipment,577.885
ORD-1048,2022,5,22,2022-05-22 17:58:44.392414,P008,CUST-14,East,3,75.03,Whiteboard,Office Equipment,247.599
ORD-1055,2022,5,24,2022-05-24 17:58:44.392414,P001,CUST-41,North,7,181.08,Premium Office Chair,Office Equipment,1394.3160000000005
ORD-1056,2022,5,24,2022-05-24 17:58:44.392414,P003,CUST-18,East,9,171.19,Ergonomic Keyboard,Office Equipment,1694.7810000000002
ORD-1058,2022,5,24,2022-05-24 17:58:44.392414,P008,CUST-14,East,8,112.61,Whiteboard,Furniture,990.968
ORD-1059,2022,5,25,2022-05-25 17:58:44.392414,P001,CUST-24,North,4,152.43,Premium Office Chair,Office Equipment,670.6920000000001
ORD-1060,2022,5,25,2022-05-25 17:58:44.392414,P003,CUST-22,North,4,94.9,Ergonomic Keyboard,Storage,417.56000000000006
ORD-1064,2022,5,26,2022-05-26 17:58:44.392414,P008,CUST-26,South,6,107.55,Whiteboard,Storage,709.83
ORD-1066,2022,5,28,2022-05-28 17:58:44.392414,P008,CUST-36,West,2,104.97,Whiteboard,Accessories,230.93400000000003
ORD-1076,2022,6,2,2022-06-02 17:58:44.392414,P001,CUST-42,South,9,154.36,Premium Office Chair,Electronics,1667.0880000000002
ORD-1077,2022,6,3,2022-06-03 17:58:44.392414,P008,CUST-37,South,4,68.33,Whiteboard,Storage,327.984
ORD-1079,2022,6,5,2022-06-05 17:58:44.392414,P003,CUST-30,West,2,115.5,Ergonomic Keyboard,Furniture,277.2
ORD-1080,2022,6,6,2022-06-06 17:58:44.392414,P003,CUST-43,East,7,24.19,Ergonomic Keyboard,Office Equipment,203.196
ORD-1083,2022,6,6,2022-06-06 17:58:44.392414,P008,CUST-37,East,8,89.58,Whiteboard,Furniture,859.968
ORD-1091,2022,6,10,2022-06-10 17:58:44.392414,P001,CUST-23,West,2,77.12,Premium Office Chair,Furniture,185.088
ORD-1094,2022,6,10,2022-06-10 17:58:44.392414,P001,CUST-1,South,6,184.74,Premium Office Chair,Electronics,1330.128
ORD-1095,2022,6,11,2022-06-11 17:58:44.392414,P008,CUST-18,North,7,140.6,Whiteboard,Electronics,1181.04
ORD-1100,2022,6,15,2022-06-15 17:58:44.392414,P001,CUST-3,South,6,196.32,Premium Office Chair,Electronics,1413.504
ORD-1103,2022,6,18,2022-06-18 17:58:44.392414,P001,CUST-28,West,9,192.34,Premium Office Chair,Storage,2077.272
ORD-1106,2022,6,18,2022-06-18 17:58:44.392414,P003,CUST-47,West,4,40.16,Ergonomic Keyboard,Furniture,192.768
ORD-1109,2022,6,21,2022-06-21 17:58:44.392414,P008,CUST-17,West,5,135.6,Whiteboard,Electronics,813.6
ORD-1114,2022,6,25,2022-06-25 17:58:44.392414,P003,CUST-41,East,9,58.69,Ergonomic Keyboard,Electronics,633.852
ORD-1119,2022,6,27,2022-06-27 17:58:44.392414,P001,CUST-22,West,8,28.12,Premium Office Chair,Storage,269.952
ORD-1122,2022,6,30,2022-06-30 17:58:44.392414,P008,CUST-40,East,8,62.61,Whiteboard,Office Equipment,601.0559999999999
ORD-1123,2022,6,30,2022-06-30 17:58:44.392414,P003,CUST-12,West,5,25.14,Ergonomic Keyboard,Electronics,150.84
ORD-1134,2022,7,3,2022-07-03 17:58:44.392414,P008,CUST-6,West,2,173.01,Whiteboard,Storage,449.826
ORD-1140,2022,7,7,2022-07-07 17:58:44.392414,P003,CUST-18,North,8,178.47,Ergonomic Keyboard,Office Equipment,1856.088
ORD-1141,2022,7,7,2022-07-07 17:58:44.392414,P008,CUST-16,East,1,107.65,Whiteboard,Storage,139.94500000000002
ORD-1142,2022,7,7,2022-07-07 17:58:44.392414,P008,CUST-15,South,1,47.75,Whiteboard,Accessories,62.075
ORD-1143,2022,7,8,2022-07-08 17:58:44.392414,P008,CUST-7,West,2,23.32,Whiteboard,Electronics,60.632000000000005
ORD-1145,2022,7,9,2022-07-09 17:58:44.392414,P001,CUST-14,East,8,163.75,Premium Office Chair,Storage,1703.0
ORD-1147,2022,7,10,2022-07-10 17:58:44.392414,P003,CUST-47,West,4,37.14,Ergonomic Keyboard,Storage,193.128
ORD-1149,2022,7,12,2022-07-12 17:58:44.392414,P003,CUST-18,East,1,28.27,Ergonomic Keyboard,Electronics,36.751
ORD-1158,2022,7,16,2022-07-16 17:58:44.392414,P001,CUST-4,South,8,26.34,Premium Office Chair,Storage,273.93600000000004
ORD-1160,2022,7,17,2022-07-17 17:58:44.392414,P003,CUST-20,South,9,187.14,Ergonomic Keyboard,Storage,2189.538
ORD-1166,2022,7,20,2022-07-20 17:58:44.392414,P008,CUST-44,East,4,38.88,Whiteboard,Electronics,202.176
ORD-1167,2022,7,20,2022-07-20 17:58:44.392414,P001,CUST-14,North,9,143.61,Premium Office Chair,Accessories,1680.2370000000003
ORD-1168,2022,7,20,2022-07-20 17:58:44.392414,P001,CUST-3,South,3,102.57,Premium Office Chair,Electronics,400.023
ORD-1171,2022,7,25,2022-07-25 17:58:44.392414,P001,CUST-5,West,6,68.79,Premium Office Chair,Storage,536.562
ORD-1173,2022,7,25,2022-07-25 17:58:44.392414,P008,CUST-22,North,6,110.79,Whiteboard,Electronics,864.162
ORD-1174,2022,7,25,2022-07-25 17:58:44.392414,P008,CUST-27,East,5,176.77,Whiteboard,Electronics,1149.005
ORD-1176,2022,7,26,2022-07-26 17:58:44.392414,P003,CUST-25,North,4,117.95,Ergonomic Keyboard,Electronics,613.34
ORD-1183,2022,7,29,2022-07-29 17:58:44.392414,P001,CUST-34,East,7,77.96,Premium Office Chair,Office Equipment,709.4359999999999
ORD-1185,2022,7,31,2022-07-31 17:58:44.392414,P001,CUST-47,West,8,119.1,Premium Office Chair,Office Equipment,1238.64
ORD-1188,2022,8,2,2022-08-02 17:58:44.392414,P001,CUST-21,East,5,139.67,Premium Office Chair,Furniture,838.0199999999999
ORD-1197,2022,8,10,2022-08-10 17:58:44.392414,P001,CUST-31,South,4,109.89,Premium Office Chair,Storage,527.472
ORD-1198,2022,8,10,2022-08-10 17:58:44.392414,P003,CUST-17,East,5,67.89,Ergonomic Keyboard,Accessories,407.34
ORD-1199,2022,8,10,2022-08-10 17:58:44.392414,P008,CUST-22,East,8,16.51,Whiteboard,Office Equipment,158.496
ORD-1200,2022,8,11,2022-08-11 17:58:44.392414,P008,CUST-17,East,2,162.94,Whiteboard,Furniture,391.056
ORD-1203,2022,8,12,2022-08-12 17:58:44.392414,P003,CUST-22,East,2,112.64,Ergonomic Keyboard,Electronics,270.336
ORD-1205,2022,8,12,2022-08-12 17:58:44.392414,P008,CUST-27,North,2,29.75,Whiteboard,Furniture,71.39999999999999
ORD-1206,2022,8,14,2022-08-14 17:58:44.392414,P008,CUST-6,North,5,28.09,Whiteboard,Office Equipment,168.54
ORD-1211,2022,8,17,2022-08-17 17:58:44.392414,P003,CUST-22,South,7,71.89,Ergonomic Keyboard,Storage,603.876
ORD-1213,2022,8,18,2022-08-18 17:58:44.392414,P008,CUST-6,West,1,119.99,Whiteboard,Furniture,143.988
ORD-1220,2022,8,20,2022-08-20 17:58:44.392414,P001,CUST-38,South,5,135.79,Premium Office Chair,Electronics,814.7399999999999
ORD-1221,2022,8,23,2022-08-23 17:58:44.392414,P001,CUST-8,West,7,150.47,Premium Office Chair,Furniture,1263.948
ORD-1223,2022,8,24,2022-08-24 17:58:44.392414,P003,CUST-43,East,9,88.77,Ergonomic Keyboard,Electronics,958.716
ORD-1224,2022,8,24,2022-08-24 17:58:44.392414,P001,CUST-11,East,4,102.48,Premium Office Chair,Electronics,491.904
ORD-1229,2022,8,28,2022-08-28 17:58:44.392414,P003,CUST-2,East,9,71.1,Ergonomic Keyboard,Furniture,767.88
ORD-1233,2022,8,29,2022-08-29 17:58:44.392414,P003,CUST-23,South,4,130.71,Ergonomic Keyboard,Office Equipment,627.408
ORD-1237,2022,8,31,2022-08-31 17:58:44.392414,P003,CUST-23,East,4,57.24,Ergonomic Keyboard,Electronics,274.752
ORD-1238,2022,8,31,2022-08-31 17:58:44.392414,P003,CUST-23,South,6,28.87,Ergonomic Keyboard,Accessories,207.864
ORD-1243,2022,9,3,2022-09-03 17:58:44.392414,P003,CUST-32,North,1,181.47,Ergonomic Keyboard,Storage,199.617
ORD-1245,2022,9,4,2022-09-04 17:58:44.392414,P003,CUST-22,South,1,62.11,Ergonomic Keyboard,Electronics,68.321
ORD-1246,2022,9,5,2022-09-05 17:58:44.392414,P001,CUST-8,South,2,82.17,Premium Office Chair,Storage,180.77400000000003
ORD-1249,2022,9,6,2022-09-06 17:58:44.392414,P001,CUST-24,South,2,79.64,Premium Office Chair,Electronics,175.20800000000003
ORD-1260,2022,9,15,2022-09-15 17:58:44.392414,P008,CUST-8,West,5,177.42,Whiteboard,Electronics,975.81
ORD-1263,2022,9,19,2022-09-19 17:58:44.392414,P008,CUST-29,North,9,167.37,Whiteboard,Storage,1656.963
ORD-1265,2022,9,19,2022-09-19 17:58:44.392414,P003,CUST-19,West,3,108.56,Ergonomic Keyboard,Furniture,358.24800000000005
ORD-1268,2022,9,21,2022-09-21 17:58:44.392414,P008,CUST-41,South,5,194.52,Whiteboard,Storage,1069.86
ORD-1279,2022,9,27,2022-09-27 17:58:44.392414,P001,CUST-49,East,3,109.93,Premium Office Chair,Storage,362.76900000000006
ORD-1281,2022,9,28,2022-09-28 17:58:44.392414,P008,CUST-24,South,7,20.11,Whiteboard,Electronics,154.84699999999998
ORD-1282,2022,9,28,2022-09-28 17:58:44.392414,P001,CUST-45,West,5,191.64,Premium Office Chair,Office Equipment,1054.02
ORD-1286,2022,10,3,2022-10-03 17:58:44.392414,P001,CUST-13,West,1,70.9,Premium Office Chair,Furniture,70.9
ORD-1289,2022,10,5,2022-10-05 17:58:44.392414,P003,CUST-28,East,4,116.66,Ergonomic Keyboard,Electronics,466.64
ORD-1290,2022,10,5,2022-10-05 17:58:44.392414,P001,CUST-30,East,7,93.7,Premium Office Chair,Accessories,655.9
ORD-1294,2022,10,7,2022-10-07 17:58:44.392414,P003,CUST-23,East,7,137.08,Ergonomic Keyboard,Accessories,959.56
ORD-1295,2022,10,7,2022-10-07 17:58:44.392414,P001,CUST-18,West,1,78.75,Premium Office Chair,Office Equipment,78.75
ORD-1296,2022,10,8,2022-10-08 17:58:44.392414,P008,CUST-27,South,7,28.56,Whiteboard,Storage,199.92
ORD-1299,2022,10,11,2022-10-11 17:58:44.392414,P003,CUST-2,North,3,67.43,Ergonomic Keyboard,Electronics,202.29
ORD-1302,2022,10,12,2022-10-12 17:58:44.392414,P003,CUST-42,South,8,66.05,Ergonomic Keyboard,Accessories,528.4
ORD-1310,2022,10,14,2022-10-14 17:58:44.392414,P003,CUST-40,North,8,133.07,Ergonomic Keyboard,Electronics,1064.56
ORD-1312,2022,10,15,2022-10-15 17:58:44.392414,P008,CUST-11,North,2,13.79,Whiteboard,Office Equipment,27.58
ORD-1314,2022,10,16,2022-10-16 17:58:44.392414,P008,CUST-35,North,5,153.68,Whiteboard,Office Equipment,768.4000000000001
ORD-1321,2022,10,20,2022-10-20 17:58:44.392414,P003,CUST-9,North,6,198.76,Ergonomic Keyboard,Storage,1192.56
ORD-1324,2022,10,21,2022-10-21 17:58:44.392414,P008,CUST-3,South,6,16.76,Whiteboard,Storage,100.56
ORD-1325,2022,10,22,2022-10-22 17:58:44.392414,P003,CUST-12,North,1,71.86,Ergonomic Keyboard,Office Equipment,71.86
ORD-1327,2022,10,22,2022-10-22 17:58:44.392414,P001,CUST-26,South,1,11.05,Premium Office Chair,Furniture,11.05
ORD-1334,2022,10,26,2022-10-26 17:58:44.392414,P001,CUST-38,West,2,110.45,Premium Office Chair,Furniture,220.9
ORD-1335,2022,10,26,2022-10-26 17:58:44.392414,P008,CUST-27,East,9,24.28,Whiteboard,Storage,218.52
ORD-1337,2022,10,27,2022-10-27 17:58:44.392414,P003,CUST-25,South,6,196.38,Ergonomic Keyboard,Office Equipment,1178.28
ORD-1342,2022,10,30,2022-10-30 17:58:44.392414,P003,CUST-48,North,8,99.43,Ergonomic Keyboard,Furniture,795.44
ORD-1348,2022,11,2,2022-11-02 17:58:44.392414,P003,CUST-30,West,9,66.34,Ergonomic Keyboard,Office Equipment,716.4720000000001
ORD-1350,2022,11,3,2022-11-03 17:58:44.392414,P003,CUST-35,North,4,82.45,Ergonomic Keyboard,Furniture,395.76
ORD-1353,2022,11,3,2022-11-03 17:58:44.392414,P008,CUST-38,South,5,181.95,Whiteboard,Furniture,1091.7
ORD-1359,2022,11,5,2022-11-05 17:58:44.392414,P003,CUST-44,West,7,127.23,Ergonomic Keyboard,Office Equipment,1068.732
ORD-1361,2022,11,6,2022-11-06 17:58:44.392414,P001,CUST-43,South,6,191.17,Premium Office Chair,Electronics,1376.424
ORD-1364,2022,11,7,2022-11-07 17:58:44.392414,P008,CUST-16,West,8,71.87,Whiteboard,Office Equipment,689.952
ORD-1366,2022,11,9,2022-11-09 17:58:44.392414,P008,CUST-17,West,5,67.54,Whiteboard,Furniture,405.24000000000007
ORD-1370,2022,11,14,2022-11-14 17:58:44.392414,P001,CUST-30,North,6,20.99,Premium Office Chair,Accessories,151.128
ORD-1383,2022,11,19,2022-11-19 17:58:44.392414,P001,CUST-45,West,1,168.16,Premium Office Chair,Electronics,201.792
ORD-1389,2022,11,20,2022-11-20 17:58:44.392414,P003,CUST-42,South,9,86.85,Ergonomic Keyboard,Electronics,937.98
ORD-1391,2022,11,21,2022-11-21 17:58:44.392414,P008,CUST-23,South,7,177.68,Whiteboard,Electronics,1492.512
ORD-1396,2022,11,24,2022-11-24 17:58:44.392414,P001,CUST-30,East,6,107.82,Premium Office Chair,Office Equipment,776.304
ORD-1397,2022,11,25,2022-11-25 17:58:44.392414,P003,CUST-18,West,5,59.4,Ergonomic Keyboard,Furniture,356.4
ORD-1400,2022,11,25,2022-11-25 17:58:44.392414,P008,CUST-49,West,3,99.06,Whiteboard,Accessories,356.616
ORD-1401,2022,11,27,2022-11-27 17:58:44.392414,P001,CUST-39,South,8,104.03,Premium Office Chair,Furniture,998.688
ORD-1403,2022,11,27,2022-11-27 17:58:44.392414,P001,CUST-37,East,4,49.7,Premium Office Chair,Accessories,238.56
ORD-1404,2022,11,27,2022-11-27 17:58:44.392414,P008,CUST-9,South,1,38.76,Whiteboard,Storage,46.51199999999999
ORD-1407,2022,12,2,2022-12-02 17:58:44.392414,P001,CUST-24,South,5,100.94,Premium Office Chair,Furniture,757.05
ORD-1408,2022,12,3,2022-12-03 17:58:44.392414,P008,CUST-5,South,5,11.43,Whiteboard,Accessories,85.725
ORD-1410,2022,12,4,2022-12-04 17:58:44.392414,P008,CUST-25,South,2,167.94,Whiteboard,Office Equipment,503.82
ORD-1412,2022,12,4,2022-12-04 17:58:44.392414,P008,CUST-3,West,4,182.31,Whiteboard,Electronics,1093.86
ORD-1418,2022,12,10,2022-12-10 17:58:44.392414,P003,CUST-33,South,8,56.57,Ergonomic Keyboard,Electronics,678.84
ORD-1420,2022,12,14,2022-12-14 17:58:44.392414,P008,CUST-24,West,6,114.5,Whiteboard,Storage,1030.5
ORD-1427,2022,12,18,2022-12-18 17:58:44.392414,P008,CUST-17,North,6,81.28,Whiteboard,Office Equipment,731.52
ORD-1429,2022,12,19,2022-12-19 17:58:44.392414,P001,CUST-1,East,4,193.16,Premium Office Chair,Accessories,1158.96
ORD-1432,2022,12,19,2022-12-19 17:58:44.392414,P001,CUST-24,North,4,66.9,Premium Office Chair,Electronics,401.4
ORD-1433,2022,12,19,2022-12-19 17:58:44.392414,P003,CUST-14,West,5,28.14,Ergonomic Keyboard,Office Equipment,211.05
ORD-1436,2022,12,21,2022-12-21 17:58:44.392414,P003,CUST-39,South,9,121.4,Ergonomic Keyboard,Storage,1638.9
ORD-1442,2022,12,22,2022-12-22 17:58:44.392414,P003,CUST-17,South,5,51.54,Ergonomic Keyboard,Electronics,386.55
ORD-1447,2022,12,23,2022-12-23 17:58:44.392414,P001,CUST-45,East,5,169.39,Premium Office Chair,Office Equipment,1270.425
ORD-1453,2022,12,28,2022-12-28 17:58:44.392414,P008,CUST-22,South,6,167.72,Whiteboard,Storage,1509.48
ORD-1456,2022,12,29,2022-12-29 17:58:44.392414,P003,CUST-4,North,1,121.2,Ergonomic Keyboard,Accessories,181.8
ORD-1459,2022,12,31,2022-12-31 17:58:44.392414,P001,CUST-49,North,9,29.47,Premium Office Chair,Furniture,397.845
ORD-1460,2023,1,1,2023-01-01 17:58:44.392414,P008,CUST-2,East,7,164.62,Whiteboard,Storage,921.8720000000002
ORD-1465,2023,1,2,2023-01-02 17:58:44.392414,P001,CUST-11,North,8,117.58,Premium Office Chair,Office Equipment,752.5120000000001
ORD-1467,2023,1,4,2023-01-04 17:58:44.392414,P008,CUST-36,West,8,10.86,Whiteboard,Furniture,69.504
ORD-1468,2023,1,4,2023-01-04 17:58:44.392414,P003,CUST-40,South,4,98.0,Ergonomic Keyboard,Office Equipment,313.6
ORD-1470,2023,1,4,2023-01-04 17:58:44.392414,P003,CUST-28,East,9,71.23,Ergonomic Keyboard,Office Equipment,512.8560000000001
ORD-1471,2023,1,5,2023-01-05 17:58:44.392414,P001,CUST-5,South,3,131.86,Premium Office Chair,Furniture,316.46400000000006
ORD-1472,2023,1,5,2023-01-05 17:58:44.392414,P001,CUST-11,North,8,107.41,Premium Office Chair,Office Equipment,687.424
ORD-1475,2023,1,6,2023-01-06 17:58:44.392414,P003,CUST-26,South,7,122.68,Ergonomic Keyboard,Electronics,687.008
ORD-1477,2023,1,8,2023-01-08 17:58:44.392414,P003,CUST-5,South,4,22.1,Ergonomic Keyboard,Furniture,70.72000000000001
ORD-1480,2023,1,8,2023-01-08 17:58:44.392414,P003,CUST-14,East,3,144.85,Ergonomic Keyboard,Electronics,347.64
ORD-1483,2023,1,10,2023-01-10 17:58:44.392414,P001,CUST-13,West,7,140.24,Premium Office Chair,Office Equipment,785.344
ORD-1486,2023,1,11,2023-01-11 17:58:44.392414,P003,CUST-5,West,7,191.37,Ergonomic Keyboard,Furniture,1071.6720000000005
ORD-1489,2023,1,11,2023-01-11 17:58:44.392414,P003,CUST-19,East,7,128.68,Ergonomic Keyboard,Electronics,720.6080000000001
ORD-1492,2023,1,14,2023-01-14 17:58:44.392414,P008,CUST-2,South,8,21.71,Whiteboard,Accessories,138.94400000000002
ORD-1496,2023,1,15,2023-01-15 17:58:44.392414,P003,CUST-32,West,5,73.68,Ergonomic Keyboard,Accessories,294.72
ORD-1499,2023,1,17,2023-01-17 17:58:44.392414,P003,CUST-29,West,4,136.94,Ergonomic Keyboard,Office Equipment,438.208
ORD-1505,2023,1,21,2023-01-21 17:58:44.392414,P003,CUST-14,East,3,43.57,Ergonomic Keyboard,Furniture,104.568
ORD-1506,2023,1,23,2023-01-23 17:58:44.392414,P008,CUST-46,North,1,113.1,Whiteboard,Office Equipment,90.48
ORD-1509,2023,1,24,2023-01-24 17:58:44.392414,P001,CUST-37,East,9,15.98,Premium Office Chair,Office Equipment,115.056
ORD-1517,2023,1,31,2023-01-31 17:58:44.392414,P008,CUST-28,East,5,92.82,Whiteboard,Office Equipment,371.28
ORD-1519,2023,2,1,2023-02-01 17:58:44.392414,P001,CUST-3,North,1,10.36,Premium Office Chair,Furniture,7.251999999999999
ORD-1520,2023,2,2,2023-02-02 17:58:44.392414,P003,CUST-2,West,6,46.91,Ergonomic Keyboard,Storage,197.022
ORD-1525,2023,2,6,2023-02-06 17:58:44.392414,P003,CUST-20,South,1,106.85,Ergonomic Keyboard,Accessories,74.79499999999999
ORD-1526,2023,2,7,2023-02-07 17:58:44.392414,P008,CUST-32,East,3,48.22,Whiteboard,Accessories,101.262
ORD-1531,2023,2,9,2023-02-09 17:58:44.392414,P008,CUST-26,East,5,191.26,Whiteboard,Electronics,669.41
ORD-1533,2023,2,12,2023-02-12 17:58:44.392414,P003,CUST-2,North,5,143.13,Ergonomic Keyboard,Furniture,500.9549999999999
ORD-1536,2023,2,13,2023-02-13 17:58:44.392414,P003,CUST-45,South,7,85.36,Ergonomic Keyboard,Furniture,418.264
ORD-1550,2023,2,20,2023-02-20 17:58:44.392414,P001,CUST-29,South,2,159.11,Premium Office Chair,Storage,222.754
ORD-1552,2023,2,21,2023-02-21 17:58:44.392414,P001,CUST-30,South,7,186.92,Premium Office Chair,Electronics,915.9079999999998
ORD-1554,2023,2,21,2023-02-21 17:58:44.392414,P008,CUST-27,East,3,134.82,Whiteboard,Office Equipment,283.122
ORD-1556,2023,2,22,2023-02-22 17:58:44.392414,P001,CUST-48,West,7,69.41,Premium Office Chair,Accessories,340.109
ORD-1557,2023,2,22,2023-02-22 17:58:44.392414,P001,CUST-43,North,5,197.49,Premium Office Chair,Storage,691.215
ORD-1560,2023,2,23,2023-02-23 17:58:44.392414,P003,CUST-37,East,6,155.46,Ergonomic Keyboard,Storage,652.9319999999999
ORD-1561,2023,2,24,2023-02-24 17:58:44.392414,P003,CUST-39,North,6,47.7,Ergonomic Keyboard,Storage,200.34000000000003
ORD-1566,2023,2,28,2023-02-28 17:58:44.392414,P008,CUST-34,East,6,75.11,Whiteboard,Electronics,315.46199999999993
ORD-1571,2023,3,1,2023-03-01 17:58:44.392414,P008,CUST-5,East,9,179.2,Whiteboard,Furniture,1451.52
ORD-1572,2023,3,1,2023-03-01 17:58:44.392414,P008,CUST-46,South,6,199.22,Whiteboard,Furniture,1075.788
ORD-1574,2023,3,3,2023-03-03 17:58:44.392414,P008,CUST-15,North,6,104.28,Whiteboard,Electronics,563.1120000000001
ORD-1575,2023,3,3,2023-03-03 17:58:44.392414,P003,CUST-29,West,9,77.87,Ergonomic Keyboard,Electronics,630.7470000000001
ORD-1577,2023,3,6,2023-03-06 17:58:44.392414,P001,CUST-29,East,1,14.23,Premium Office Chair,Storage,12.807
ORD-1582,2023,3,7,2023-03-07 17:58:44.392414,P003,CUST-18,West,1,101.71,Ergonomic Keyboard,Furniture,91.539
ORD-1583,2023,3,7,2023-03-07 17:58:44.392414,P003,CUST-22,North,9,71.96,Ergonomic Keyboard,Electronics,582.876
ORD-1587,2023,3,10,2023-03-10 17:58:44.392414,P003,CUST-10,South,5,95.78,Ergonomic Keyboard,Accessories,431.01
ORD-1590,2023,3,12,2023-03-12 17:58:44.392414,P003,CUST-43,East,9,96.16,Ergonomic Keyboard,Furniture,778.896
ORD-1594,2023,3,14,2023-03-14 17:58:44.392414,P001,CUST-31,South,1,130.77,Premium Office Chair,Storage,117.693
ORD-1598,2023,3,17,2023-03-17 17:58:44.392414,P008,CUST-19,North,8,104.59,Whiteboard,Office Equipment,753.048
ORD-1605,2023,3,20,2023-03-20 17:58:44.392414,P001,CUST-12,South,6,129.33,Premium Office Chair,Office Equipment,698.3820000000001
ORD-1606,2023,3,22,2023-03-22 17:58:44.392414,P001,CUST-4,North,7,21.73,Premium Office Chair,Furniture,136.89900000000003
ORD-1612,2023,3,25,2023-03-25 17:58:44.392414,P008,CUST-3,West,7,90.91,Whiteboard,Office Equipment,572.7330000000001
ORD-1617,2023,3,27,2023-03-27 17:58:44.392414,P008,CUST-18,North,1,197.48,Whiteboard,Furniture,177.732
ORD-1619,2023,3,28,2023-03-28 17:58:44.392414,P003,CUST-11,East,9,48.28,Ergonomic Keyboard,Office Equipment,391.068
ORD-1625,2023,4,2,2023-04-02 17:58:44.392414,P003,CUST-34,North,2,193.84,Ergonomic Keyboard,Electronics,387.68
ORD-1648,2023,4,14,2023-04-14 17:58:44.392414,P003,CUST-45,South,2,118.3,Ergonomic Keyboard,Electronics,236.6
ORD-1650,2023,4,15,2023-04-15 17:58:44.392414,P008,CUST-1,East,1,198.25,Whiteboard,Accessories,198.25
ORD-1652,2023,4,15,2023-04-15 17:58:44.392414,P008,CUST-19,North,1,145.43,Whiteboard,Accessories,145.43
ORD-1659,2023,4,19,2023-04-19 17:58:44.392414,P003,CUST-15,East,6,98.47,Ergonomic Keyboard,Office Equipment,590.8199999999999
ORD-1666,2023,4,21,2023-04-21 17:58:44.392414,P008,CUST-36,North,3,116.54,Whiteboard,Accessories,349.62
ORD-1668,2023,4,22,2023-04-22 17:58:44.392414,P001,CUST-46,South,2,44.08,Premium Office Chair,Electronics,88.16
ORD-1671,2023,4,23,2023-04-23 17:58:44.392414,P008,CUST-42,South,1,135.28,Whiteboard,Office Equipment,135.28
ORD-1674,2023,4,26,2023-04-26 17:58:44.392414,P003,CUST-8,East,6,68.02,Ergonomic Keyboard,Furniture,408.12
ORD-1675,2023,4,26,2023-04-26 17:58:44.392414,P008,CUST-43,West,4,56.36,Whiteboard,Furniture,225.44
ORD-1676,2023,4,27,2023-04-27 17:58:44.392414,P008,CUST-6,North,7,137.04,Whiteboard,Storage,959.28
ORD-1689,2023,5,2,2023-05-02 17:58:44.392414,P008,CUST-22,East,9,116.57,Whiteboard,Electronics,1154.043
ORD-1693,2023,5,4,2023-05-04 17:58:44.392414,P003,CUST-9,East,9,98.8,Ergonomic Keyboard,Accessories,978.12
ORD-1701,2023,5,9,2023-05-09 17:58:44.392414,P001,CUST-23,West,1,30.87,Premium Office Chair,Furniture,33.957
ORD-1709,2023,5,11,2023-05-11 17:58:44.392414,P008,CUST-12,South,6,105.57,Whiteboard,Electronics,696.7620000000001
ORD-1718,2023,5,17,2023-05-17 17:58:44.392414,P008,CUST-6,East,6,194.77,Whiteboard,Storage,1285.4820000000002
ORD-1731,2023,5,22,2023-05-22 17:58:44.392414,P001,CUST-26,West,9,24.16,Premium Office Chair,Accessories,239.18400000000003
ORD-1733,2023,5,23,2023-05-23 17:58:44.392414,P008,CUST-10,East,9,45.3,Whiteboard,Office Equipment,448.47
ORD-1735,2023,5,25,2023-05-25 17:58:44.392414,P003,CUST-48,West,6,192.12,Ergonomic Keyboard,Storage,1267.9920000000002
ORD-1745,2023,5,31,2023-05-31 17:58:44.392414,P008,CUST-22,North,2,75.11,Whiteboard,Storage,165.24200000000002
ORD-1748,2023,6,2,2023-06-02 17:58:44.392414,P003,CUST-8,South,4,160.04,Ergonomic Keyboard,Furniture,768.1919999999999
ORD-1752,2023,6,4,2023-06-04 17:58:44.392414,P001,CUST-12,East,1,65.71,Premium Office Chair,Electronics,78.85199999999999
ORD-1760,2023,6,6,2023-06-06 17:58:44.392414,P008,CUST-3,West,5,14.07,Whiteboard,Accessories,84.41999999999999
ORD-1766,2023,6,7,2023-06-07 17:58:44.392414,P001,CUST-20,South,4,88.73,Premium Office Chair,Furniture,425.904
ORD-1771,2023,6,10,2023-06-10 17:58:44.392414,P003,CUST-38,North,9,109.19,Ergonomic Keyboard,Accessories,1179.252
ORD-1774,2023,6,13,2023-06-13 17:58:44.392414,P003,CUST-45,North,3,40.24,Ergonomic Keyboard,Office Equipment,144.864
ORD-1775,2023,6,14,2023-06-14 17:58:44.392414,P003,CUST-34,South,1,175.98,Ergonomic Keyboard,Electronics,211.176
ORD-1780,2023,6,17,2023-06-17 17:58:44.392414,P003,CUST-30,South,8,125.11,Ergonomic Keyboard,Office Equipment,1201.056
ORD-1784,2023,6,19,2023-06-19 17:58:44.392414,P001,CUST-17,West,2,177.38,Premium Office Chair,Furniture,425.712
ORD-1785,2023,6,21,2023-06-21 17:58:44.392414,P008,CUST-27,East,4,73.89,Whiteboard,Furniture,354.672
ORD-1793,2023,6,24,2023-06-24 17:58:44.392414,P001,CUST-49,East,9,168.14,Premium Office Chair,Accessories,1815.912
ORD-1794,2023,6,24,2023-06-24 17:58:44.392414,P008,CUST-24,South,6,92.81,Whiteboard,Office Equipment,668.232
ORD-1798,2023,6,26,2023-06-26 17:58:44.392414,P003,CUST-47,East,9,169.57,Ergonomic Keyboard,Storage,1831.356
ORD-1803,2023,6,30,2023-06-30 17:58:44.392414,P008,CUST-14,West,8,53.2,Whiteboard,Furniture,510.72
ORD-1807,2023,7,3,2023-07-03 17:58:44.392414,P003,CUST-45,South,9,196.08,Ergonomic Keyboard,Accessories,2294.136
ORD-1808,2023,7,3,2023-07-03 17:58:44.392414,P008,CUST-4,East,4,180.56,Whiteboard,Storage,938.912
ORD-1810,2023,7,4,2023-07-04 17:58:44.392414,P008,CUST-19,East,8,23.21,Whiteboard,Electronics,241.384
ORD-1814,2023,7,5,2023-07-05 17:58:44.392414,P008,CUST-17,South,3,167.41,Whiteboard,Office Equipment,652.899
ORD-1817,2023,7,6,2023-07-06 17:58:44.392414,P001,CUST-44,East,5,191.6,Premium Office Chair,Electronics,1245.4
ORD-1820,2023,7,7,2023-07-07 17:58:44.392414,P008,CUST-16,North,3,128.7,Whiteboard,Accessories,501.93
ORD-1832,2023,7,17,2023-07-17 17:58:44.392414,P003,CUST-9,West,4,108.73,Ergonomic Keyboard,Office Equipment,565.3960000000001
ORD-1836,2023,7,18,2023-07-18 17:58:44.392414,P001,CUST-7,East,3,174.53,Premium Office Chair,Accessories,680.667
ORD-1837,2023,7,18,2023-07-18 17:58:44.392414,P001,CUST-22,North,5,132.44,Premium Office Chair,Accessories,860.8600000000001
ORD-1838,2023,7,19,2023-07-19 17:58:44.392414,P008,CUST-18,East,2,47.78,Whiteboard,Electronics,124.228
ORD-1840,2023,7,19,2023-07-19 17:58:44.392414,P001,CUST-26,East,9,150.36,Premium Office Chair,Electronics,1759.2120000000004
ORD-1846,2023,7,22,2023-07-22 17:58:44.392414,P003,CUST-2,West,2,96.02,Ergonomic Keyboard,Storage,249.652
ORD-1848,2023,7,24,2023-07-24 17:58:44.392414,P001,CUST-37,East,6,41.74,Premium Office Chair,Storage,325.572
ORD-1855,2023,7,29,2023-07-29 17:58:44.392414,P001,CUST-31,West,1,76.87,Premium Office Chair,Storage,99.931
ORD-1859,2023,7,31,2023-07-31 17:58:44.392414,P008,CUST-39,East,7,12.02,Whiteboard,Office Equipment,109.382
ORD-1862,2023,8,1,2023-08-01 17:58:44.392414,P001,CUST-14,South,7,40.92,Premium Office Chair,Furniture,343.728
ORD-1870,2023,8,6,2023-08-06 17:58:44.392414,P008,CUST-17,South,1,61.53,Whiteboard,Office Equipment,73.836
ORD-1871,2023,8,6,2023-08-06 17:58:44.392414,P008,CUST-2,North,5,144.07,Whiteboard,Office Equipment,864.4199999999998
ORD-1872,2023,8,6,2023-08-06 17:58:44.392414,P001,CUST-48,North,8,94.18,Premium Office Chair,Office Equipment,904.128
ORD-1873,2023,8,7,2023-08-07 17:58:44.392414,P008,CUST-10,West,1,132.66,Whiteboard,Furniture,159.19199999999998
ORD-1876,2023,8,9,2023-08-09 17:58:44.392414,P001,CUST-36,East,2,16.97,Premium Office Chair,Accessories,40.728
ORD-1877,2023,8,10,2023-08-10 17:58:44.392414,P003,CUST-6,North,5,105.81,Ergonomic Keyboard,Accessories,634.8599999999999
ORD-1880,2023,8,11,2023-08-11 17:58:44.392414,P003,CUST-3,South,5,15.55,Ergonomic Keyboard,Storage,93.3
ORD-1882,2023,8,13,2023-08-13 17:58:44.392414,P001,CUST-2,North,2,92.93,Premium Office Chair,Storage,223.032
ORD-1884,2023,8,14,2023-08-14 17:58:44.392414,P003,CUST-19,North,5,102.2,Ergonomic Keyboard,Accessories,613.1999999999999
ORD-1887,2023,8,17,2023-08-17 17:58:44.392414,P008,CUST-14,North,8,172.81,Whiteboard,Electronics,1658.976
ORD-1888,2023,8,17,2023-08-17 17:58:44.392414,P001,CUST-30,East,2,80.69,Premium Office Chair,Electronics,193.656
ORD-1889,2023,8,17,2023-08-17 17:58:44.392414,P008,CUST-17,West,2,20.86,Whiteboard,Office Equipment,50.064
ORD-1891,2023,8,18,2023-08-18 17:58:44.392414,P008,CUST-18,North,5,136.73,Whiteboard,Storage,820.38
ORD-1895,2023,8,22,2023-08-22 17:58:44.392414,P003,CUST-12,East,8,55.4,Ergonomic Keyboard,Office Equipment,531.8399999999999
ORD-1896,2023,8,22,2023-08-22 17:58:44.392414,P003,CUST-2,North,9,156.72,Ergonomic Keyboard,Electronics,1692.576
ORD-1897,2023,8,22,2023-08-22 17:58:44.392414,P008,CUST-41,South,1,199.81,Whiteboard,Furniture,239.772
ORD-1898,2023,8,23,2023-08-23 17:58:44.392414,P008,CUST-11,West,4,126.31,Whiteboard,Furniture,606.288
ORD-1902,2023,8,27,2023-08-27 17:58:44.392414,P001,CUST-3,North,7,115.35,Premium Office Chair,Accessories,968.9399999999998
ORD-1903,2023,8,30,2023-08-30 17:58:44.392414,P008,CUST-44,West,3,155.7,Whiteboard,Storage,560.52
ORD-1904,2023,8,31,2023-08-31 17:58:44.392414,P001,CUST-25,North,2,111.48,Premium Office Chair,Electronics,267.552
ORD-1906,2023,9,1,2023-09-01 17:58:44.392414,P001,CUST-9,South,6,82.54,Premium Office Chair,Accessories,544.764
ORD-1907,2023,9,2,2023-09-02 17:58:44.392414,P008,CUST-36,East,5,53.36,Whiteboard,Storage,293.48
ORD-1910,2023,9,4,2023-09-04 17:58:44.392414,P008,CUST-8,West,3,96.38,Whiteboard,Furniture,318.05400000000003
ORD-1914,2023,9,6,2023-09-06 17:58:44.392414,P001,CUST-7,South,1,168.66,Premium Office Chair,Electronics,185.526
ORD-1915,2023,9,6,2023-09-06 17:58:44.392414,P001,CUST-13,North,1,184.55,Premium Office Chair,Storage,203.005
ORD-1921,2023,9,10,2023-09-10 17:58:44.392414,P003,CUST-12,West,9,25.66,Ergonomic Keyboard,Storage,254.034
ORD-1923,2023,9,12,2023-09-12 17:58:44.392414,P003,CUST-4,West,8,123.34,Ergonomic Keyboard,Electronics,1085.392
ORD-1925,2023,9,12,2023-09-12 17:58:44.392414,P003,CUST-41,West,9,162.01,Ergonomic Keyboard,Electronics,1603.899
ORD-1928,2023,9,14,2023-09-14 17:58:44.392414,P003,CUST-32,East,4,52.06,Ergonomic Keyboard,Storage,229.064
ORD-1931,2023,9,15,2023-09-15 17:58:44.392414,P001,CUST-13,East,3,112.32,Premium Office Chair,Accessories,370.656
ORD-1939,2023,9,19,2023-09-19 17:58:44.392414,P003,CUST-1,East,3,151.34,Ergonomic Keyboard,Storage,499.422
ORD-1941,2023,9,20,2023-09-20 17:58:44.392414,P003,CUST-17,East,2,15.47,Ergonomic Keyboard,Electronics,34.034000000000006
ORD-1945,2023,9,24,2023-09-24 17:58:44.392414,P003,CUST-35,East,1,44.36,Ergonomic Keyboard,Furniture,48.79600000000001
ORD-1950,2023,9,26,2023-09-26 17:58:44.392414,P003,CUST-27,East,1,96.74,Ergonomic Keyboard,Electronics,106.414
ORD-1951,2023,9,26,2023-09-26 17:58:44.392414,P008,CUST-10,West,1,51.28,Whiteboard,Office Equipment,56.40800000000001
ORD-1952,2023,9,26,2023-09-26 17:58:44.392414,P001,CUST-22,North,2,76.68,Premium Office Chair,Storage,168.69600000000003
ORD-1953,2023,9,27,2023-09-27 17:58:44.392414,P008,CUST-46,North,5,135.01,Whiteboard,Storage,742.5550000000001
ORD-1956,2023,9,28,2023-09-28 17:58:44.392414,P001,CUST-7,West,3,173.55,Premium Office Chair,Electronics,572.7150000000001
ORD-1960,2023,10,2,2023-10-02 17:58:44.392414,P003,CUST-33,West,6,186.66,Ergonomic Keyboard,Office Equipment,1119.96
ORD-1973,2023,10,6,2023-10-06 17:58:44.392414,P008,CUST-23,West,4,151.81,Whiteboard,Storage,607.24
ORD-1975,2023,10,7,2023-10-07 17:58:44.392414,P001,CUST-32,East,4,99.86,Premium Office Chair,Office Equipment,399.44
ORD-1976,2023,10,7,2023-10-07 17:58:44.392414,P001,CUST-38,North,3,113.84,Premium Office Chair,Electronics,341.52
ORD-1977,2023,10,8,2023-10-08 17:58:44.392414,P008,CUST-4,South,1,92.87,Whiteboard,Accessories,92.87
ORD-1980,2023,10,11,2023-10-11 17:58:44.392414,P003,CUST-32,South,9,129.61,Ergonomic Keyboard,Furniture,1166.4900000000002
ORD-1982,2023,10,12,2023-10-12 17:58:44.392414,P001,CUST-4,West,6,174.94,Premium Office Chair,Furniture,1049.64
ORD-1987,2023,10,15,2023-10-15 17:58:44.392414,P008,CUST-10,South,9,70.46,Whiteboard,Furniture,634.14
ORD-1998,2023,10,20,2023-10-20 17:58:44.392414,P001,CUST-1,West,3,65.16,Premium Office Chair,Electronics,195.48
ORD-2002,2023,10,22,2023-10-22 17:58:44.392414,P001,CUST-22,South,8,69.51,Premium Office Chair,Office Equipment,556.08
ORD-2013,2023,10,30,2023-10-30 17:58:44.392414,P001,CUST-13,West,6,127.09,Premium Office Chair,Accessories,762.54
ORD-2014,2023,10,30,2023-10-30 17:58:44.392414,P008,CUST-30,North,3,58.82,Whiteboard,Furniture,176.46
ORD-2015,2023,10,30,2023-10-30 17:58:44.392414,P001,CUST-27,West,8,74.52,Premium Office Chair,Electronics,596.16
ORD-2016,2023,10,30,2023-10-30 17:58:44.392414,P003,CUST-22,South,5,148.1,Ergonomic Keyboard,Electronics,740.5
ORD-2017,2023,10,31,2023-10-31 17:58:44.392414,P001,CUST-2,South,4,59.75,Premium Office Chair,Storage,239.0
ORD-2018,2023,10,31,2023-10-31 17:58:44.392414,P008,CUST-4,North,9,84.36,Whiteboard,Electronics,759.24
ORD-2020,2023,11,1,2023-11-01 17:58:44.392414,P001,CUST-34,West,1,55.32,Premium Office Chair,Storage,66.384
ORD-2022,2023,11,3,2023-11-03 17:58:44.392414,P008,CUST-5,West,1,147.43,Whiteboard,Storage,176.916
ORD-2023,2023,11,3,2023-11-03 17:58:44.392414,P001,CUST-7,East,9,20.44,Premium Office Chair,Electronics,220.752
ORD-2027,2023,11,5,2023-11-05 17:58:44.392414,P008,CUST-21,South,8,172.56,Whiteboard,Furniture,1656.576
ORD-2033,2023,11,11,2023-11-11 17:58:44.392414,P008,CUST-15,West,7,197.12,Whiteboard,Furniture,1655.8080000000002
ORD-2042,2023,11,15,2023-11-15 17:58:44.392414,P003,CUST-6,East,3,111.73,Ergonomic Keyboard,Office Equipment,402.228
ORD-2047,2023,11,19,2023-11-19 17:58:44.392414,P008,CUST-9,North,1,20.55,Whiteboard,Office Equipment,24.66
ORD-2052,2023,11,22,2023-11-22 17:58:44.392414,P008,CUST-15,North,6,99.3,Whiteboard,Storage,714.9599999999999
ORD-2060,2023,11,25,2023-11-25 17:58:44.392414,P001,CUST-20,East,3,182.05,Premium Office Chair,Accessories,655.3800000000001
ORD-2063,2023,11,29,2023-11-29 17:58:44.392414,P001,CUST-29,South,9,16.58,Premium Office Chair,Storage,179.06399999999996
ORD-2066,2023,12,1,2023-12-01 17:58:44.392414,P008,CUST-45,West,9,116.39,Whiteboard,Office Equipment,1571.265
ORD-2068,2023,12,1,2023-12-01 17:58:44.392414,P001,CUST-46,South,3,78.91,Premium Office Chair,Office Equipment,355.095
ORD-2071,2023,12,4,2023-12-04 17:58:44.392414,P008,CUST-13,East,8,139.59,Whiteboard,Office Equipment,1675.08
ORD-2072,2023,12,4,2023-12-04 17:58:44.392414,P008,CUST-3,West,5,76.75,Whiteboard,Office Equipment,575.625
ORD-2073,2023,12,5,2023-12-05 17:58:44.392414,P008,CUST-31,North,6,11.22,Whiteboard,Accessories,100.98000000000002
ORD-2079,2023,12,8,2023-12-08 17:58:44.392414,P008,CUST-12,West,3,84.28,Whiteboard,Storage,379.26
ORD-2082,2023,12,8,2023-12-08 17:58:44.392414,P003,CUST-13,East,5,107.72,Ergonomic Keyboard,Office Equipment,807.9000000000001
ORD-2085,2023,12,11,2023-12-11 17:58:44.392414,P001,CUST-18,West,1,95.7,Premium Office Chair,Storage,143.55
ORD-2086,2023,12,13,2023-12-13 17:58:44.392414,P001,CUST-25,North,1,98.01,Premium Office Chair,Furniture,147.015
ORD-2088,2023,12,15,2023-12-15 17:58:44.392414,P003,CUST-38,West,2,64.18,Ergonomic Keyboard,Electronics,192.54
ORD-2089,2023,12,16,2023-12-16 17:58:44.392414,P001,CUST-1,South,2,107.06,Premium Office Chair,Electronics,321.18
ORD-2091,2023,12,19,2023-12-19 17:58:44.392414,P003,CUST-48,South,6,44.45,Ergonomic Keyboard,Furniture,400.05000000000007
ORD-2099,2023,12,24,2023-12-24 17:58:44.392414,P001,CUST-48,East,4,128.67,Premium Office Chair,Furniture,772.02
ORD-2100,2023,12,26,2023-12-26 17:58:44.392414,P008,CUST-43,North,2,147.39,Whiteboard,Storage,442.17
ORD-2108,2023,12,30,2023-12-30 17:58:44.392414,P008,CUST-27,East,5,141.07,Whiteboard,Furniture,1058.025
ORD-2110,2024,1,1,2024-01-01 17:58:44.392414,P008,CUST-35,West,9,84.34,Whiteboard,Office Equipment,607.248
ORD-2115,2024,1,3,2024-01-03 17:58:44.392414,P003,CUST-18,West,1,64.44,Ergonomic Keyboard,Storage,51.552
ORD-2116,2024,1,3,2024-01-03 17:58:44.392414,P003,CUST-33,East,9,23.39,Ergonomic Keyboard,Storage,168.40800000000002
ORD-2118,2024,1,5,2024-01-05 17:58:44.392414,P003,CUST-32,East,3,197.99,Ergonomic Keyboard,Office Equipment,475.176
ORD-2122,2024,1,8,2024-01-08 17:58:44.392414,P008,CUST-30,East,2,51.8,Whiteboard,Office Equipment,82.88
ORD-2125,2024,1,10,2024-01-10 17:58:44.392414,P001,CUST-10,North,6,13.76,Premium Office Chair,Storage,66.048
ORD-2134,2024,1,15,2024-01-15 17:58:44.392414,P008,CUST-13,East,7,117.72,Whiteboard,Office Equipment,659.232
ORD-2135,2024,1,15,2024-01-15 17:58:44.392414,P001,CUST-31,East,7,175.89,Premium Office Chair,Electronics,984.984
ORD-2138,2024,1,17,2024-01-17 17:58:44.392414,P001,CUST-21,South,6,119.89,Premium Office Chair,Office Equipment,575.4720000000001
ORD-2142,2024,1,19,2024-01-19 17:58:44.392414,P001,CUST-42,West,8,151.35,Premium Office Chair,Accessories,968.64
ORD-2146,2024,1,21,2024-01-21 17:58:44.392414,P001,CUST-41,North,8,74.2,Premium Office Chair,Office Equipment,474.88000000000005
ORD-2148,2024,1,22,2024-01-22 17:58:44.392414,P003,CUST-49,West,6,92.14,Ergonomic Keyboard,Electronics,442.2720000000001
ORD-2149,2024,1,22,2024-01-22 17:58:44.392414,P001,CUST-29,West,3,171.65,Premium Office Chair,Furniture,411.96
ORD-2150,2024,1,23,2024-01-23 17:58:44.392414,P008,CUST-48,West,4,172.32,Whiteboard,Office Equipment,551.424
ORD-2151,2024,1,23,2024-01-23 17:58:44.392414,P001,CUST-18,South,3,117.96,Premium Office Chair,Storage,283.104
ORD-2156,2024,1,26,2024-01-26 17:58:44.392414,P001,CUST-17,North,8,135.09,Premium Office Chair,Furniture,864.576
ORD-2162,2024,1,30,2024-01-30 17:58:44.392414,P008,CUST-40,South,9,90.5,Whiteboard,Electronics,651.6
ORD-2167,2024,2,3,2024-02-03 17:58:44.392414,P001,CUST-43,East,1,45.71,Premium Office Chair,Furniture,31.997
ORD-2169,2024,2,4,2024-02-04 17:58:44.392414,P008,CUST-34,South,3,181.81,Whiteboard,Storage,381.801
ORD-2174,2024,2,5,2024-02-05 17:58:44.392414,P003,CUST-15,West,7,175.85,Ergonomic Keyboard,Electronics,861.665
ORD-2176,2024,2,7,2024-02-07 17:58:44.392414,P008,CUST-40,West,3,30.97,Whiteboard,Furniture,65.03699999999999
ORD-2177,2024,2,7,2024-02-07 17:58:44.392414,P003,CUST-15,North,7,13.91,Ergonomic Keyboard,Storage,68.15899999999999
ORD-2180,2024,2,9,2024-02-09 17:58:44.392414,P001,CUST-47,South,2,82.75,Premium Office Chair,Accessories,115.85
ORD-2182,2024,2,11,2024-02-11 17:58:44.392414,P008,CUST-2,South,1,174.92,Whiteboard,Accessories,122.444
ORD-2191,2024,2,13,2024-02-13 17:58:44.392414,P003,CUST-33,East,1,195.48,Ergonomic Keyboard,Accessories,136.83599999999998
ORD-2193,2024,2,14,2024-02-14 17:58:44.392414,P008,CUST-12,South,2,128.43,Whiteboard,Electronics,179.802
ORD-2201,2024,2,17,2024-02-17 17:58:44.392414,P001,CUST-30,East,6,36.46,Premium Office Chair,Furniture,153.13199999999998
ORD-2202,2024,2,17,2024-02-17 17:58:44.392414,P003,CUST-36,South,8,21.01,Ergonomic Keyboard,Accessories,117.656
ORD-2209,2024,2,22,2024-02-22 17:58:44.392414,P008,CUST-46,West,7,166.23,Whiteboard,Electronics,814.5269999999999
ORD-2214,2024,2,25,2024-02-25 17:58:44.392414,P001,CUST-5,West,4,66.98,Premium Office Chair,Furniture,187.544
ORD-2216,2024,2,26,2024-02-26 17:58:44.392414,P008,CUST-12,West,3,90.04,Whiteboard,Electronics,189.084
ORD-2221,2024,2,29,2024-02-29 17:58:44.392414,P001,CUST-29,North,6,98.62,Premium Office Chair,Electronics,414.204
ORD-2231,2024,3,5,2024-03-05 17:58:44.392414,P008,CUST-25,North,7,23.48,Whiteboard,Furniture,147.924
ORD-2233,2024,3,6,2024-03-06 17:58:44.392414,P008,CUST-13,East,7,36.66,Whiteboard,Storage,230.958
ORD-2237,2024,3,8,2024-03-08 17:58:44.392414,P003,CUST-28,North,7,58.52,Ergonomic Keyboard,Accessories,368.676
ORD-2242,2024,3,11,2024-03-11 17:58:44.392414,P001,CUST-24,South,8,191.79,Premium Office Chair,Storage,1380.888
ORD-2248,2024,3,14,2024-03-14 17:58:44.392414,P008,CUST-39,West,4,66.27,Whiteboard,Storage,238.572
ORD-2252,2024,3,16,2024-03-16 17:58:44.392414,P008,CUST-32,East,9,109.88,Whiteboard,Accessories,890.028
ORD-2253,2024,3,16,2024-03-16 17:58:44.392414,P003,CUST-39,South,5,117.66,Ergonomic Keyboard,Storage,529.47
ORD-2255,2024,3,16,2024-03-16 17:58:44.392414,P008,CUST-44,East,8,173.46,Whiteboard,Electronics,1248.912
ORD-2258,2024,3,18,2024-03-18 17:58:44.392414,P001,CUST-23,East,8,106.99,Premium Office Chair,Office Equipment,770.328
ORD-2259,2024,3,18,2024-03-18 17:58:44.392414,P003,CUST-11,West,4,186.65,Ergonomic Keyboard,Furniture,671.94
ORD-2262,2024,3,20,2024-03-20 17:58:44.392414,P008,CUST-48,South,6,130.45,Whiteboard,Furniture,704.43
ORD-2264,2024,3,21,2024-03-21 17:58:44.392414,P003,CUST-7,West,7,64.52,Ergonomic Keyboard,Electronics,406.476
ORD-2276,2024,3,25,2024-03-25 17:58:44.392414,P003,CUST-5,North,3,44.84,Ergonomic Keyboard,Electronics,121.068
ORD-2281,2024,3,26,2024-03-26 17:58:44.392414,P003,CUST-23,North,7,97.31,Ergonomic Keyboard,Office Equipment,613.0530000000001
ORD-2283,2024,3,26,2024-03-26 17:58:44.392414,P008,CUST-6,East,6,67.43,Whiteboard,Storage,364.12200000000007
ORD-2284,2024,3,26,2024-03-26 17:58:44.392414,P001,CUST-8,West,5,35.81,Premium Office Chair,Electronics,161.145
ORD-2285,2024,3,27,2024-03-27 17:58:44.392414,P008,CUST-44,North,5,91.49,Whiteboard,Furniture,411.705
ORD-2287,2024,3,28,2024-03-28 17:58:44.392414,P003,CUST-23,East,5,90.92,Ergonomic Keyboard,Furniture,409.14
ORD-2288,2024,3,28,2024-03-28 17:58:44.392414,P003,CUST-2,West,8,133.42,Ergonomic Keyboard,Office Equipment,960.624
ORD-2294,2024,3,30,2024-03-30 17:58:44.392414,P001,CUST-32,West,1,77.33,Premium Office Chair,Furniture,69.597
ORD-2295,2024,3,31,2024-03-31 17:58:44.392414,P003,CUST-35,East,9,117.83,Ergonomic Keyboard,Office Equipment,954.423
ORD-2301,2024,4,1,2024-04-01 17:58:44.392414,P008,CUST-9,East,1,168.23,Whiteboard,Furniture,168.23
ORD-2309,2024,4,4,2024-04-04 17:58:44.392414,P003,CUST-14,West,9,107.6,Ergonomic Keyboard,Accessories,968.4
ORD-2320,2024,4,10,2024-04-10 17:58:44.392414,P008,CUST-45,West,4,21.02,Whiteboard,Furniture,84.08
ORD-2321,2024,4,10,2024-04-10 17:58:44.392414,P001,CUST-6,North,2,17.73,Premium Office Chair,Office Equipment,35.46
ORD-2328,2024,4,16,2024-04-16 17:58:44.392414,P001,CUST-35,North,2,196.18,Premium Office Chair,Storage,392.36
ORD-2329,2024,4,16,2024-04-16 17:58:44.392414,P003,CUST-4,East,4,84.36,Ergonomic Keyboard,Office Equipment,337.44
ORD-2330,2024,4,17,2024-04-17 17:58:44.392414,P001,CUST-34,South,7,24.18,Premium Office Chair,Accessories,169.26
ORD-2331,2024,4,18,2024-04-18 17:58:44.392414,P008,CUST-2,East,6,188.01,Whiteboard,Electronics,1128.06
ORD-2335,2024,4,20,2024-04-20 17:58:44.392414,P008,CUST-21,West,6,113.12,Whiteboard,Electronics,678.72
ORD-2339,2024,4,22,2024-04-22 17:58:44.392414,P008,CUST-37,North,5,191.46,Whiteboard,Accessories,957.3
ORD-2342,2024,4,24,2024-04-24 17:58:44.392414,P008,CUST-5,South,6,129.49,Whiteboard,Electronics,776.94
ORD-2349,2024,4,28,2024-04-28 17:58:44.392414,P001,CUST-3,West,8,113.94,Premium Office Chair,Accessories,911.52
ORD-2353,2024,4,30,2024-04-30 17:58:44.392414,P008,CUST-4,South,5,120.52,Whiteboard,Electronics,602.6
ORD-2356,2024,5,2,2024-05-02 17:58:44.392414,P008,CUST-6,South,2,19.96,Whiteboard,Furniture,43.912000000000006
ORD-2359,2024,5,3,2024-05-03 17:58:44.392414,P003,CUST-36,North,8,137.84,Ergonomic Keyboard,Accessories,1212.9920000000002
ORD-2360,2024,5,3,2024-05-03 17:58:44.392414,P008,CUST-47,South,5,35.66,Whiteboard,Accessories,196.13
ORD-2362,2024,5,4,2024-05-04 17:58:44.392414,P008,CUST-49,West,6,34.89,Whiteboard,Accessories,230.27400000000003
ORD-2366,2024,5,6,2024-05-06 17:58:44.392414,P001,CUST-6,South,9,115.45,Premium Office Chair,Office Equipment,1142.9550000000002
ORD-2376,2024,5,8,2024-05-08 17:58:44.392414,P001,CUST-35,North,3,159.52,Premium Office Chair,Accessories,526.416
ORD-2377,2024,5,8,2024-05-08 17:58:44.392414,P003,CUST-31,North,4,87.53,Ergonomic Keyboard,Electronics,385.13200000000006
ORD-2379,2024,5,12,2024-05-12 17:58:44.392414,P003,CUST-41,West,4,77.29,Ergonomic Keyboard,Electronics,340.0760000000001
ORD-2380,2024,5,13,2024-05-13 17:58:44.392414,P003,CUST-30,East,2,80.29,Ergonomic Keyboard,Office Equipment,176.63800000000003
ORD-2382,2024,5,14,2024-05-14 17:58:44.392414,P001,CUST-25,North,4,77.66,Premium Office Chair,Storage,341.704
ORD-2384,2024,5,15,2024-05-15 17:58:44.392414,P008,CUST-9,North,3,190.9,Whiteboard,Storage,629.9700000000001
ORD-2385,2024,5,16,2024-05-16 17:58:44.392414,P003,CUST-31,East,2,12.23,Ergonomic Keyboard,Furniture,26.906
ORD-2387,2024,5,17,2024-05-17 17:58:44.392414,P003,CUST-1,East,3,48.07,Ergonomic Keyboard,Accessories,158.63100000000003
ORD-2388,2024,5,17,2024-05-17 17:58:44.392414,P008,CUST-29,North,3,161.03,Whiteboard,Electronics,531.3990000000001
ORD-2390,2024,5,17,2024-05-17 17:58:44.392414,P003,CUST-41,North,5,31.64,Ergonomic Keyboard,Office Equipment,174.02
ORD-2391,2024,5,17,2024-05-17 17:58:44.392414,P001,CUST-48,West,2,151.54,Premium Office Chair,Electronics,333.38800000000003
ORD-2398,2024,5,22,2024-05-22 17:58:44.392414,P003,CUST-12,North,3,147.3,Ergonomic Keyboard,Storage,486.0900000000001
ORD-2404,2024,5,28,2024-05-28 17:58:44.392414,P008,CUST-11,West,2,90.32,Whiteboard,Accessories,198.704
ORD-2405,2024,5,29,2024-05-29 17:58:44.392414,P003,CUST-22,West,8,125.94,Ergonomic Keyboard,Accessories,1108.2720000000002
ORD-2406,2024,5,29,2024-05-29 17:58:44.392414,P001,CUST-49,West,7,102.4,Premium Office Chair,Office Equipment,788.4800000000001
ORD-2408,2024,5,30,2024-05-30 17:58:44.392414,P008,CUST-30,North,2,141.32,Whiteboard,Storage,310.904
ORD-2410,2024,5,31,2024-05-31 17:58:44.392414,P008,CUST-28,South,9,14.07,Whiteboard,Office Equipment,139.293
ORD-2411,2024,5,31,2024-05-31 17:58:44.392414,P001,CUST-43,South,2,111.03,Premium Office Chair,Electronics,244.266
ORD-2414,2024,6,2,2024-06-02 17:58:44.392414,P001,CUST-15,North,9,37.81,Premium Office Chair,Accessories,408.348
ORD-2415,2024,6,3,2024-06-03 17:58:44.392414,P001,CUST-6,South,8,93.37,Premium Office Chair,Furniture,896.352
ORD-2416,2024,6,3,2024-06-03 17:58:44.392414,P001,CUST-20,South,7,38.17,Premium Office Chair,Furniture,320.628
ORD-2418,2024,6,5,2024-06-05 17:58:44.392414,P003,CUST-19,North,2,139.6,Ergonomic Keyboard,Office Equipment,335.04
ORD-2422,2024,6,9,2024-06-09 17:58:44.392414,P003,CUST-40,South,6,185.62,Ergonomic Keyboard,Furniture,1336.464
ORD-2425,2024,6,9,2024-06-09 17:58:44.392414,P003,CUST-39,West,1,173.61,Ergonomic Keyboard,Office Equipment,208.332
ORD-2430,2024,6,12,2024-06-12 17:58:44.392414,P008,CUST-20,East,4,44.25,Whiteboard,Storage,212.4
ORD-2431,2024,6,13,2024-06-13 17:58:44.392414,P001,CUST-40,North,7,177.17,Premium Office Chair,Office Equipment,1488.2279999999998
ORD-2433,2024,6,13,2024-06-13 17:58:44.392414,P003,CUST-18,South,9,63.35,Ergonomic Keyboard,Furniture,684.18
ORD-2435,2024,6,14,2024-06-14 17:58:44.392414,P008,CUST-48,South,6,166.54,Whiteboard,Furniture,1199.088
ORD-2440,2024,6,16,2024-06-16 17:58:44.392414,P008,CUST-32,North,6,30.01,Whiteboard,Accessories,216.072
ORD-2441,2024,6,17,2024-06-17 17:58:44.392414,P001,CUST-1,South,2,171.56,Premium Office Chair,Storage,411.744
ORD-2442,2024,6,17,2024-06-17 17:58:44.392414,P003,CUST-3,South,7,60.58,Ergonomic Keyboard,Accessories,508.872
ORD-2443,2024,6,18,2024-06-18 17:58:44.392414,P001,CUST-16,South,6,20.1,Premium Office Chair,Electronics,144.72
ORD-2444,2024,6,18,2024-06-18 17:58:44.392414,P008,CUST-31,North,1,186.46,Whiteboard,Office Equipment,223.752
ORD-2450,2024,6,23,2024-06-23 17:58:44.392414,P008,CUST-11,South,1,111.36,Whiteboard,Accessories,133.632
ORD-2459,2024,6,27,2024-06-27 17:58:44.392414,P001,CUST-44,East,4,149.31,Premium Office Chair,Accessories,716.688
ORD-2467,2024,7,4,2024-07-04 17:58:44.392414,P008,CUST-8,South,6,145.64,Whiteboard,Electronics,1135.992
ORD-2471,2024,7,8,2024-07-08 17:58:44.392414,P003,CUST-4,North,6,21.4,Ergonomic Keyboard,Accessories,166.92
ORD-2476,2024,7,9,2024-07-09 17:58:44.392414,P001,CUST-25,West,7,53.7,Premium Office Chair,Accessories,488.6700000000001
ORD-2477,2024,7,9,2024-07-09 17:58:44.392414,P001,CUST-5,West,3,107.5,Premium Office Chair,Electronics,419.25
ORD-2479,2024,7,10,2024-07-10 17:58:44.392414,P008,CUST-20,North,9,77.5,Whiteboard,Storage,906.75
ORD-2481,2024,7,10,2024-07-10 17:58:44.392414,P001,CUST-41,West,2,196.26,Premium Office Chair,Electronics,510.276
ORD-2484,2024,7,12,2024-07-12 17:58:44.392414,P003,CUST-7,North,7,57.95,Ergonomic Keyboard,Storage,527.345
ORD-2502,2024,7,20,2024-07-20 17:58:44.392414,P003,CUST-3,East,2,40.63,Ergonomic Keyboard,Furniture,105.638
ORD-2503,2024,7,21,2024-07-21 17:58:44.392414,P008,CUST-22,South,4,63.11,Whiteboard,Office Equipment,328.172
ORD-2504,2024,7,23,2024-07-23 17:58:44.392414,P001,CUST-8,East,6,176.64,Premium Office Chair,Office Equipment,1377.792
ORD-2505,2024,7,24,2024-07-24 17:58:44.392414,P003,CUST-29,West,5,71.3,Ergonomic Keyboard,Furniture,463.45
ORD-2515,2024,7,27,2024-07-27 17:58:44.392414,P003,CUST-46,North,8,69.64,Ergonomic Keyboard,Office Equipment,724.2560000000001
ORD-2518,2024,7,28,2024-07-28 17:58:44.392414,P001,CUST-49,South,8,159.45,Premium Office Chair,Office Equipment,1658.28
ORD-2519,2024,7,29,2024-07-29 17:58:44.392414,P001,CUST-16,North,9,198.77,Premium Office Chair,Office Equipment,2325.6090000000004
ORD-2520,2024,7,29,2024-07-29 17:58:44.392414,P003,CUST-22,East,1,116.69,Ergonomic Keyboard,Accessories,151.697
ORD-2522,2024,7,30,2024-07-30 17:58:44.392414,P001,CUST-30,South,8,198.8,Premium Office Chair,Electronics,2067.52
ORD-2523,2024,7,31,2024-07-31 17:58:44.392414,P001,CUST-27,South,3,133.9,Premium Office Chair,Furniture,522.21
ORD-2525,2024,8,1,2024-08-01 17:58:44.392414,P003,CUST-9,West,7,186.0,Ergonomic Keyboard,Office Equipment,1562.4
ORD-2527,2024,8,3,2024-08-03 17:58:44.392414,P001,CUST-22,West,5,147.36,Premium Office Chair,Accessories,884.1600000000001
ORD-2536,2024,8,6,2024-08-06 17:58:44.392414,P003,CUST-39,East,5,168.41,Ergonomic Keyboard,Accessories,1010.46
ORD-2539,2024,8,9,2024-08-09 17:58:44.392414,P008,CUST-14,East,9,136.09,Whiteboard,Electronics,1469.772
ORD-2541,2024,8,9,2024-08-09 17:58:44.392414,P001,CUST-37,West,6,23.49,Premium Office Chair,Storage,169.128
ORD-2545,2024,8,12,2024-08-12 17:58:44.392414,P001,CUST-29,North,3,65.03,Premium Office Chair,Electronics,234.108
ORD-2549,2024,8,14,2024-08-14 17:58:44.392414,P001,CUST-3,East,6,184.24,Premium Office Chair,Furniture,1326.528
ORD-2556,2024,8,20,2024-08-20 17:58:44.392414,P003,CUST-7,North,9,129.31,Ergonomic Keyboard,Electronics,1396.548
ORD-2561,2024,8,24,2024-08-24 17:58:44.392414,P008,CUST-12,North,2,40.88,Whiteboard,Furniture,98.112
ORD-2562,2024,8,24,2024-08-24 17:58:44.392414,P008,CUST-49,East,5,147.32,Whiteboard,Accessories,883.9199999999998
ORD-2564,2024,8,24,2024-08-24 17:58:44.392414,P008,CUST-44,West,8,30.1,Whiteboard,Storage,288.96
ORD-2571,2024,8,29,2024-08-29 17:58:44.392414,P003,CUST-1,South,9,145.35,Ergonomic Keyboard,Accessories,1569.7799999999995
ORD-2572,2024,8,29,2024-08-29 17:58:44.392414,P001,CUST-5,North,4,135.84,Premium Office Chair,Accessories,652.032
ORD-2575,2024,8,31,2024-08-31 17:58:44.392414,P008,CUST-5,South,9,52.97,Whiteboard,Storage,572.076
ORD-2577,2024,8,31,2024-08-31 17:58:44.392414,P001,CUST-28,East,1,71.4,Premium Office Chair,Furniture,85.68
ORD-2581,2024,9,2,2024-09-02 17:58:44.392414,P008,CUST-23,North,4,108.37,Whiteboard,Accessories,476.828
ORD-2587,2024,9,5,2024-09-05 17:58:44.392414,P008,CUST-16,West,8,86.6,Whiteboard,Furniture,762.08
ORD-2588,2024,9,5,2024-09-05 17:58:44.392414,P003,CUST-4,South,5,83.87,Ergonomic Keyboard,Electronics,461.2850000000001
ORD-2589,2024,9,7,2024-09-07 17:58:44.392414,P008,CUST-32,South,4,49.95,Whiteboard,Electronics,219.78000000000003
ORD-2590,2024,9,7,2024-09-07 17:58:44.392414,P003,CUST-3,South,9,95.47,Ergonomic Keyboard,Furniture,945.153
ORD-2592,2024,9,7,2024-09-07 17:58:44.392414,P001,CUST-42,West,3,93.36,Premium Office Chair,Electronics,308.088
ORD-2593,2024,9,7,2024-09-07 17:58:44.392414,P003,CUST-27,East,6,143.47,Ergonomic Keyboard,Electronics,946.902
ORD-2600,2024,9,11,2024-09-11 17:58:44.392414,P001,CUST-30,East,5,82.44,Premium Office Chair,Furniture,453.42
ORD-2602,2024,9,11,2024-09-11 17:58:44.392414,P008,CUST-45,East,1,31.47,Whiteboard,Electronics,34.617000000000004
ORD-2603,2024,9,12,2024-09-12 17:58:44.392414,P001,CUST-36,East,9,100.65,Premium Office Chair,Office Equipment,996.435
ORD-2607,2024,9,14,2024-09-14 17:58:44.392414,P003,CUST-10,South,6,75.53,Ergonomic Keyboard,Office Equipment,498.4980000000001
ORD-2608,2024,9,14,2024-09-14 17:58:44.392414,P008,CUST-19,West,8,97.58,Whiteboard,Furniture,858.7040000000001
ORD-2616,2024,9,18,2024-09-18 17:58:44.392414,P008,CUST-36,North,1,97.46,Whiteboard,Office Equipment,107.206
ORD-2622,2024,9,24,2024-09-24 17:58:44.392414,P003,CUST-39,West,9,74.11,Ergonomic Keyboard,Furniture,733.6890000000001
ORD-2627,2024,9,28,2024-09-28 17:58:44.392414,P003,CUST-35,West,5,89.44,Ergonomic Keyboard,Furniture,491.92
ORD-2628,2024,9,28,2024-09-28 17:58:44.392414,P008,CUST-28,East,5,142.35,Whiteboard,Accessories,782.9250000000001
ORD-2629,2024,9,29,2024-09-29 17:58:44.392414,P003,CUST-13,North,7,123.54,Ergonomic Keyboard,Furniture,951.2580000000002
ORD-2633,2024,10,1,2024-10-01 17:58:44.392414,P003,CUST-7,South,7,169.32,Ergonomic Keyboard,Storage,1185.24
ORD-2634,2024,10,1,2024-10-01 17:58:44.392414,P001,CUST-23,West,8,133.3,Premium Office Chair,Electronics,1066.4
ORD-2635,2024,10,2,2024-10-02 17:58:44.392414,P001,CUST-32,South,6,153.81,Premium Office Chair,Storage,922.86
ORD-2641,2024,10,5,2024-10-05 17:58:44.392414,P008,CUST-14,South,5,196.64,Whiteboard,Office Equipment,983.2
ORD-2645,2024,10,6,2024-10-06 17:58:44.392414,P003,CUST-45,South,2,89.07,Ergonomic Keyboard,Storage,178.14
ORD-2648,2024,10,8,2024-10-08 17:58:44.392414,P008,CUST-15,East,9,66.39,Whiteboard,Furniture,597.51
ORD-2650,2024,10,8,2024-10-08 17:58:44.392414,P008,CUST-14,East,6,106.94,Whiteboard,Storage,641.64
ORD-2656,2024,10,12,2024-10-12 17:58:44.392414,P001,CUST-47,East,3,121.71,Premium Office Chair,Accessories,365.13
ORD-2663,2024,10,13,2024-10-13 17:58:44.392414,P008,CUST-5,South,4,22.58,Whiteboard,Storage,90.32
ORD-2666,2024,10,16,2024-10-16 17:58:44.392414,P008,CUST-1,East,6,195.8,Whiteboard,Furniture,1174.8000000000002
ORD-2667,2024,10,17,2024-10-17 17:58:44.392414,P001,CUST-10,West,2,88.91,Premium Office Chair,Office Equipment,177.82
ORD-2668,2024,10,17,2024-10-17 17:58:44.392414,P003,CUST-3,South,2,126.12,Ergonomic Keyboard,Electronics,252.24
ORD-2673,2024,10,20,2024-10-20 17:58:44.392414,P008,CUST-15,West,1,102.07,Whiteboard,Accessories,102.07
ORD-2676,2024,10,22,2024-10-22 17:58:44.392414,P008,CUST-41,North,8,92.89,Whiteboard,Office Equipment,743.12
ORD-2680,2024,10,24,2024-10-24 17:58:44.392414,P003,CUST-30,East,2,78.96,Ergonomic Keyboard,Furniture,157.92
ORD-2691,2024,10,30,2024-10-30 17:58:44.392414,P001,CUST-29,West,9,95.99,Premium Office Chair,Office Equipment,863.91
ORD-2698,2024,11,2,2024-11-02 17:58:44.392414,P008,CUST-10,North,1,129.95,Whiteboard,Storage,155.93999999999997
ORD-2699,2024,11,3,2024-11-03 17:58:44.392414,P003,CUST-12,East,2,184.06,Ergonomic Keyboard,Furniture,441.744
ORD-2703,2024,11,4,2024-11-04 17:58:44.392414,P003,CUST-29,East,6,189.58,Ergonomic Keyboard,Accessories,1364.976
ORD-2713,2024,11,11,2024-11-11 17:58:44.392414,P003,CUST-30,South,8,188.18,Ergonomic Keyboard,Office Equipment,1806.528
ORD-2714,2024,11,12,2024-11-12 17:58:44.392414,P001,CUST-30,East,1,137.48,Premium Office Chair,Furniture,164.97599999999997
ORD-2715,2024,11,13,2024-11-13 17:58:44.392414,P001,CUST-10,South,3,175.96,Premium Office Chair,Office Equipment,633.456
ORD-2723,2024,11,15,2024-11-15 17:58:44.392414,P003,CUST-1,West,2,46.18,Ergonomic Keyboard,Furniture,110.832
ORD-2725,2024,11,19,2024-11-19 17:58:44.392414,P008,CUST-32,East,4,65.37,Whiteboard,Electronics,313.776
ORD-2726,2024,11,20,2024-11-20 17:58:44.392414,P003,CUST-5,East,6,178.74,Ergonomic Keyboard,Office Equipment,1286.928
ORD-2731,2024,11,24,2024-11-24 17:58:44.392414,P008,CUST-1,North,4,183.77,Whiteboard,Storage,882.096
ORD-2733,2024,11,25,2024-11-25 17:58:44.392414,P003,CUST-29,West,6,66.81,Ergonomic Keyboard,Accessories,481.032
ORD-2738,2024,11,27,2024-11-27 17:58:44.392414,P001,CUST-35,East,3,45.61,Premium Office Chair,Furniture,164.19599999999997
ORD-2739,2024,11,27,2024-11-27 17:58:44.392414,P001,CUST-22,West,7,134.36,Premium Office Chair,Storage,1128.624
ORD-2743,2024,11,29,2024-11-29 17:58:44.392414,P003,CUST-12,East,7,162.06,Ergonomic Keyboard,Office Equipment,1361.304
ORD-2757,2024,12,7,2024-12-07 17:58:44.392414,P003,CUST-32,East,6,86.13,Ergonomic Keyboard,Storage,775.17
ORD-2760,2024,12,9,2024-12-09 17:58:44.392414,P003,CUST-9,East,7,54.62,Ergonomic Keyboard,Storage,573.51
ORD-2762,2024,12,10,2024-12-10 17:58:44.392414,P003,CUST-4,East,1,92.09,Ergonomic Keyboard,Office Equipment,138.135
ORD-2763,2024,12,10,2024-12-10 17:58:44.392414,P008,CUST-42,West,2,92.95,Whiteboard,Storage,278.85
ORD-2768,2024,12,13,2024-12-13 17:58:44.392414,P001,CUST-8,South,5,14.09,Premium Office Chair,Storage,105.675
ORD-2771,2024,12,16,2024-12-16 17:58:44.392414,P003,CUST-35,South,9,10.07,Ergonomic Keyboard,Furniture,135.945
ORD-2777,2024,12,19,2024-12-19 17:58:44.392414,P003,CUST-29,South,7,73.87,Ergonomic Keyboard,Storage,775.635
ORD-2781,2024,12,20,2024-12-20 17:58:44.392414,P008,CUST-32,North,4,41.9,Whiteboard,Furniture,251.4
ORD-2789,2024,12,26,2024-12-26 17:58:44.392414,P001,CUST-17,East,8,49.13,Premium Office Chair,Accessories,589.5600000000001
ORD-2799,2024,12,29,2024-12-29 17:58:44.392414,P008,CUST-40,North,8,153.21,Whiteboard,Storage,1838.52
ORD-2800,2024,12,29,2024-12-29 17:58:44.392414,P003,CUST-14,East,7,25.07,Ergonomic Keyboard,Accessories,263.235
ORD-2801,2024,12,30,2024-12-30 17:58:44.392414,P008,CUST-16,North,7,183.59,Whiteboard,Furniture,1927.695
ORD-2804,2024,12,30,2024-12-30 17:58:44.392414,P001,CUST-22,West,6,14.47,Premium Office Chair,Accessories,130.23000000000002
ORD-2805,2025,1,1,2025-01-01 17:58:44.392414,P003,CUST-19,South,2,75.87,Ergonomic Keyboard,Electronics,121.392
ORD-2806,2025,1,1,2025-01-01 17:58:44.392414,P003,CUST-9,South,9,124.17,Ergonomic Keyboard,Furniture,894.024
ORD-2807,2025,1,2,2025-01-02 17:58:44.392414,P003,CUST-27,North,6,49.02,Ergonomic Keyboard,Furniture,235.296
ORD-2814,2025,1,5,2025-01-05 17:58:44.392414,P001,CUST-20,West,9,17.39,Premium Office Chair,Storage,125.208
ORD-2815,2025,1,5,2025-01-05 17:58:44.392414,P008,CUST-28,North,1,172.91,Whiteboard,Storage,138.328
ORD-2817,2025,1,6,2025-01-06 17:58:44.392414,P003,CUST-22,East,3,32.8,Ergonomic Keyboard,Accessories,78.72
ORD-2820,2025,1,10,2025-01-10 17:58:44.392414,P008,CUST-24,East,1,92.34,Whiteboard,Storage,73.872
ORD-2823,2025,1,11,2025-01-11 17:58:44.392414,P001,CUST-11,North,9,54.73,Premium Office Chair,Office Equipment,394.056
ORD-2826,2025,1,13,2025-01-13 17:58:44.392414,P008,CUST-12,West,6,54.65,Whiteboard,Storage,262.32
ORD-2830,2025,1,14,2025-01-14 17:58:44.392414,P008,CUST-16,South,8,139.36,Whiteboard,Office Equipment,891.9040000000001
ORD-2836,2025,1,16,2025-01-16 17:58:44.392414,P003,CUST-34,North,6,150.04,Ergonomic Keyboard,Accessories,720.192
ORD-2839,2025,1,18,2025-01-18 17:58:44.392414,P003,CUST-18,West,8,20.17,Ergonomic Keyboard,Storage,129.08800000000002
ORD-2840,2025,1,19,2025-01-19 17:58:44.392414,P008,CUST-20,East,8,195.28,Whiteboard,Office Equipment,1249.792
ORD-2843,2025,1,20,2025-01-20 17:58:44.392414,P001,CUST-13,South,4,91.51,Premium Office Chair,Accessories,292.83200000000005
ORD-2845,2025,1,20,2025-01-20 17:58:44.392414,P003,CUST-22,West,9,129.6,Ergonomic Keyboard,Electronics,933.12
ORD-2846,2025,1,21,2025-01-21 17:58:44.392414,P001,CUST-23,West,5,127.09,Premium Office Chair,Office Equipment,508.36000000000007
ORD-2858,2025,1,28,2025-01-28 17:58:44.392414,P003,CUST-34,North,7,135.52,Ergonomic Keyboard,Accessories,758.9120000000001
ORD-2861,2025,1,29,2025-01-29 17:58:44.392414,P003,CUST-9,North,2,10.05,Ergonomic Keyboard,Office Equipment,16.080000000000002
ORD-2864,2025,1,31,2025-01-31 17:58:44.392414,P008,CUST-46,South,7,37.08,Whiteboard,Office Equipment,207.648
ORD-2865,2025,2,1,2025-02-01 17:58:44.392414,P001,CUST-42,East,8,142.2,Premium Office Chair,Furniture,796.3199999999999
ORD-2874,2025,2,7,2025-02-07 17:58:44.392414,P001,CUST-49,East,4,119.94,Premium Office Chair,Electronics,335.832
ORD-2876,2025,2,8,2025-02-08 17:58:44.392414,P003,CUST-40,South,4,167.31,Ergonomic Keyboard,Office Equipment,468.468
ORD-2878,2025,2,10,2025-02-10 17:58:44.392414,P001,CUST-14,East,5,144.89,Premium Office Chair,Storage,507.1149999999999
ORD-2886,2025,2,13,2025-02-13 17:58:44.392414,P001,CUST-6,South,6,120.41,Premium Office Chair,Storage,505.722
ORD-2887,2025,2,14,2025-02-14 17:58:44.392414,P003,CUST-16,West,7,35.98,Ergonomic Keyboard,Accessories,176.302
ORD-2889,2025,2,15,2025-02-15 17:58:44.392414,P008,CUST-17,East,6,152.54,Whiteboard,Accessories,640.668
ORD-2892,2025,2,16,2025-02-16 17:58:44.392414,P001,CUST-48,North,8,105.13,Premium Office Chair,Accessories,588.728
ORD-2895,2025,2,17,2025-02-17 17:58:44.392414,P001,CUST-27,East,3,96.32,Premium Office Chair,Office Equipment,202.272
ORD-2897,2025,2,18,2025-02-18 17:58:44.392414,P003,CUST-28,South,5,197.15,Ergonomic Keyboard,Accessories,690.025
ORD-2899,2025,2,20,2025-02-20 17:58:44.392414,P001,CUST-23,East,8,121.78,Premium Office Chair,Furniture,681.968
ORD-2901,2025,2,21,2025-02-21 17:58:44.392414,P008,CUST-22,West,8,56.57,Whiteboard,Office Equipment,316.792
ORD-2909,2025,2,24,2025-02-24 17:58:44.392414,P001,CUST-43,North,4,101.34,Premium Office Chair,Accessories,283.752
ORD-2910,2025,2,24,2025-02-24 17:58:44.392414,P003,CUST-22,South,3,145.38,Ergonomic Keyboard,Electronics,305.29799999999994
ORD-2911,2025,2,24,2025-02-24 17:58:44.392414,P001,CUST-42,East,1,131.31,Premium Office Chair,Accessories,91.917
ORD-2912,2025,2,24,2025-02-24 17:58:44.392414,P003,CUST-39,South,8,22.34,Ergonomic Keyboard,Office Equipment,125.10399999999998
ORD-2921,2025,3,4,2025-03-04 17:58:44.392414,P001,CUST-36,East,6,160.7,Premium Office Chair,Furniture,867.78
ORD-2924,2025,3,6,2025-03-06 17:58:44.392414,P008,CUST-6,East,4,154.93,Whiteboard,Furniture,557.748
ORD-2925,2025,3,7,2025-03-07 17:58:44.392414,P001,CUST-6,West,1,93.66,Premium Office Chair,Furniture,84.294
ORD-2926,2025,3,7,2025-03-07 17:58:44.392414,P003,CUST-11,East,2,63.56,Ergonomic Keyboard,Electronics,114.408
ORD-2930,2025,3,8,2025-03-08 17:58:44.392414,P008,CUST-45,North,7,141.98,Whiteboard,Accessories,894.4739999999999
ORD-2937,2025,3,11,2025-03-11 17:58:44.392414,P001,CUST-27,South,4,188.37,Premium Office Chair,Furniture,678.1320000000001
ORD-2940,2025,3,13,2025-03-13 17:58:44.392414,P008,CUST-36,West,6,179.1,Whiteboard,Furniture,967.14
ORD-2941,2025,3,14,2025-03-14 17:58:44.392414,P001,CUST-46,West,3,55.12,Premium Office Chair,Furniture,148.82399999999998
ORD-2944,2025,3,16,2025-03-16 17:58:44.392414,P001,CUST-6,West,4,61.93,Premium Office Chair,Furniture,222.948
ORD-2947,2025,3,17,2025-03-17 17:58:44.392414,P003,CUST-44,East,8,166.96,Ergonomic Keyboard,Accessories,1202.112
ORD-2953,2025,3,23,2025-03-23 17:58:44.392414,P008,CUST-42,North,1,45.68,Whiteboard,Storage,41.112
ORD-2955,2025,3,23,2025-03-23 17:58:44.392414,P001,CUST-37,East,3,168.86,Premium Office Chair,Electronics,455.922
ORD-2966,2025,3,30,2025-03-30 17:58:44.392414,P008,CUST-28,North,4,179.71,Whiteboard,Accessories,646.956
ORD-2972,2025,4,2,2025-04-02 17:58:44.392414,P001,CUST-25,East,3,26.79,Premium Office Chair,Storage,80.37
ORD-2974,2025,4,2,2025-04-02 17:58:44.392414,P001,CUST-38,North,9,134.14,Premium Office Chair,Electronics,1207.2599999999998
ORD-2976,2025,4,3,2025-04-03 17:58:44.392414,P003,CUST-46,East,4,59.99,Ergonomic Keyboard,Accessories,239.96
ORD-2978,2025,4,4,2025-04-04 17:58:44.392414,P001,CUST-13,West,6,15.36,Premium Office Chair,Furniture,92.16
ORD-2986,2025,4,11,2025-04-11 17:58:44.392414,P003,CUST-19,North,5,62.55,Ergonomic Keyboard,Storage,312.75
ORD-2987,2025,4,13,2025-04-13 17:58:44.392414,P003,CUST-23,South,8,67.46,Ergonomic Keyboard,Accessories,539.68
ORD-2990,2025,4,14,2025-04-14 17:58:44.392414,P008,CUST-29,North,8,177.22,Whiteboard,Furniture,1417.76
ORD-2994,2025,4,17,2025-04-17 17:58:44.392414,P001,CUST-18,East,8,175.54,Premium Office Chair,Furniture,1404.32
